variant	Variant	Pos	IARC	fClass				
L1317F	17_41243597_C_A	41243597	0	1				
K1322E	17_41243584_T_C	41243584	0	1				
E1352K	17_41243494_C_T	41243494	0	2				
S1360G	17_41243470_T_C	41243470	0	2				
S1370F	17_41243037_G_A	41243037	0	1				
C1372Y	17_41243031_C_T	41243031	0	1				
D1381Y	17_41243005_C_A	41243005	0	1				
Q1388L	17_41242983_T_A	41242983	0	1				
T1394I	17_41242965_G_A	41242965	0	1				
Q1395R	17_41242962_T_C	41242962	0	2				
M1400V	17_41234580_T_C	41234580	0	1				
M1400T	17_41234579_A_G	41234579	0	2				
M1400I	17_41234578_C_A	41234578	0	1				
H1402Y	17_41234574_G_A	41234574	1	1				
H1402R	17_41234573_T_C	41234573	0	2				
L1404P	17_41234567_A_G	41234567	0	3				
I1405V	17_41234565_T_C	41234565	2	1				
L1407P	17_41234558_A_G	41234558	0	5				
M1411T	17_41234546_A_G	41234546	0	4				
A1416T	17_41234532_C_T	41234532	0	2				
E1419Q	17_41234523_C_G	41234523	1	1				
H1421Y	17_41234517_G_A	41234517	0	1				
P1430S	17_41234490_G_A	41234490	2	1				
I1432L	17_41234484_T_G	41234484	0	1				
R1443G	17_41234451_G_C	41234451	1	1				
R1443Q	17_41234450_C_T	41234450	0	1				
S1448G	17_41234436_T_C	41234436	2	1				
S1448T	17_41234435_C_G	41234435	0	1				
S1457A	17_41228620_A_C	41228620	0	1				
E1462K	17_41228605_C_T	41228605	0	1				
N1468H	17_41228587_T_G	41228587	1	1				
P1469S	17_41228584_G_A	41228584	0	1				
E1470D	17_41228579_T_A	41228579	0	1				
S1484T	17_41228539_A_T	41228539	0	1				
T1485I	17_41228535_G_A	41228535	0	1				
S1486C	17_41228533_T_A	41228533	0	1				
K1487R	17_41228529_T_C	41228529	0	2				
E1494K	17_41228509_C_T	41228509	0	1				
R1495K	17_41228505_C_T	41228505	0	1				
R1495M	17_41228505_C_A	41228505	0	1				
S1497A	17_41226534_A_C	41226534	0	1				
P1502S	17_41226519_G_A	41226519	0	1				
R1507T	17_41226503_C_G	41226503	2	1				
S1512C	17_41226489_T_A	41226489	0	1				
S1512I	17_41226488_C_A	41226488	1	1				
L1517F	17_41226474_G_A	41226474	0	1				
Y1522C	17_41226458_T_C	41226458	0	1				
S1524A	17_41226453_A_C	41226453	0	1				
E1527K	17_41226444_C_T	41226444	0	1				
I1529V	17_41226438_T_C	41226438	2	1				
V1534M	17_41226423_C_T	41226423	1	1				
L1539P	17_41226407_A_G	41226407	0	2				
S1542A	17_41226399_A_C	41226399	0	1				
S1542C	17_41226398_G_C	41226398	0	1				
P1544L	17_41226392_G_A	41226392	0	1				
D1546N	17_41226387_C_T	41226387	1	1				
D1546Y	17_41226387_C_A	41226387	1	1				
T1548M	17_41226380_G_A	41226380	0	1				
T1550I	17_41226374_G_A	41226374	0	1				
L1553M	17_41226366_A_T	41226366	2	1				
D1557H	17_41226354_C_G	41226354	0	1				
E1559K	17_41226348_C_T	41226348	0	2				
E1559Q	17_41226348_C_G	41226348	0	1				
T1561I	17_41223249_G_A	41223249	0	1				
P1562L	17_41223246_G_A	41223246	0	1				
L1564P	17_41223240_A_G	41223240	1	1				
I1568V	17_41223229_T_C	41223229	0	2				
L1570F	17_41223223_G_A	41223223	0	1				
F1571S	17_41223219_A_G	41223219	0	2				
P1575H	17_41223207_G_T	41223207	0	1				
S1577P	17_41223202_A_G	41223202	0	1				
S1577Y	17_41223201_G_T	41223201	0	1				
D1578G	17_41223198_T_C	41223198	2	1				
P1579A	17_41223196_G_C	41223196	0	1				
S1580F	17_41223192_G_A	41223192	0	1				
S1580Y	17_41223192_G_T	41223192	0	1				
A1584S	17_41223181_C_A	41223181	0	1				
R1589C	17_41223166_G_A	41223166	0	1				
R1589H	17_41223165_C_T	41223165	2	1				
S1596L	17_41223144_G_A	41223144	0	1				
T1597A	17_41223142_T_C	41223142	0	1				
L1600F	17_41223131_C_A	41223131	0	1				
K1601E	17_41223130_T_C	41223130	0	1				
Q1604R	17_41223120_T_C	41223120	0	1				
L1605V	17_41223118_A_C	41223118	0	1				
K1606E	17_41223115_T_C	41223115	1	1				
A1608V	17_41223108_G_A	41223108	0	1				
E1609G	17_41223105_T_C	41223105	0	1				
S1613C	17_41223094_T_A	41223094	0	2				
S1613G	17_41223094_T_C	41223094	1	1				
P1614S	17_41223091_G_A	41223091	1	1				
A1615T	17_41223088_C_T	41223088	0	1				
A1615D	17_41223087_G_T	41223087	0	1				
A1623G	17_41223063_G_C	41223063	0	1				
M1628V	17_41223049_T_C	41223049	0	1				
M1628T	17_41223048_A_G	41223048	1	1				
M1628I	17_41223047_C_A	41223047	0	1				
S1631N	17_41223039_C_T	41223039	0	1				
P1637L	17_41223021_G_A	41223021	1	1				
A1641T	17_41223010_C_T	41223010	0	1				
E1644G	17_41223000_T_C	41223000	0	1				
R1645G	17_41222998_T_C	41222998	0	1				
R1645M	17_41222997_C_A	41222997	0	1				
R1645T	17_41222997_C_G	41222997	0	1				
R1645S	17_41222996_C_A	41222996	0	1				
N1647K	17_41222990_G_C	41222990	0	1				
K1648E	17_41222989_T_C	41222989	0	1				
K1648Q	17_41222989_T_G	41222989	0	1				
K1648I	17_41222988_T_A	41222988	0	1				
K1648R	17_41222988_T_C	41222988	0	1				
K1648T	17_41222988_T_G	41222988	0	1				
K1648N	17_41222987_T_A	41222987	0	1				
R1649G	17_41222986_T_C	41222986	0	1				
R1649I	17_41222985_C_A	41222985	0	1				
R1649K	17_41222985_C_T	41222985	0	1				
R1649T	17_41222985_C_G	41222985	0	1				
R1649S	17_41222984_T_A	41222984	0	1				
M1650L	17_41222983_T_A	41222983	0	2				
M1650V	17_41222983_T_C	41222983	0	1				
M1650K	17_41222982_A_T	41222982	0	2				
M1650R	17_41222982_A_C	41222982	0	2				
M1650T	17_41222982_A_G	41222982	0	1				
S1651A	17_41222980_A_C	41222980	0	1				
S1651P	17_41222980_A_G	41222980	0	5				
S1651F	17_41222979_G_A	41222979	0	3				
S1651C	17_41222979_G_C	41222979	0	1				
S1651Y	17_41222979_G_T	41222979	0	1				
M1652T	17_41222976_A_G	41222976	1	1				
M1652K	17_41222976_A_T	41222976	0	5				
M1652I	17_41222975_C_A	41222975	1	1				
V1653M	17_41222974_C_T	41222974	0	5				
S1655F	17_41222967_G_A	41222967	0	5				
G1656D	17_41222964_C_T	41222964	0	3				
E1660V	17_41222952_T_A	41222952	0	1				
F1662S	17_41222946_A_G	41222946	1	1				
M1663L	17_41219712_T_A	41219712	0	2				
M1663K	17_41219711_A_T	41219711	0	1				
L1664P	17_41219708_A_G	41219708	0	1				
V1665M	17_41219706_C_T	41219706	0	2				
V1665A	17_41219705_A_G	41219705	0	1				
V1665E	17_41219705_A_T	41219705	0	5				
V1665G	17_41219705_A_C	41219705	0	2				
F1668C	17_41219696_A_C	41219696	0	2				
F1668S	17_41219696_A_G	41219696	0	5				
A1669S	17_41219694_C_A	41219694	0	2				
L1679Q	17_41219663_A_T	41219663	0	1				
E1682K	17_41219655_C_T	41219655	1	1				
E1682V	17_41219654_T_A	41219654	0	1				
T1685A	17_41219646_T_C	41219646	5	5				
T1685I	17_41219645_G_A	41219645	5	5				
M1689R	17_41219633_A_C	41219633	4	5				
M1689T	17_41219633_A_G	41219633	0	3				
T1691I	17_41219627_G_A	41219627	0	5				
T1691K	17_41219627_G_T	41219627	0	5				
D1692N	17_41219625_C_T	41219625	0	2				
D1692H	17_41219625_C_G	41219625	0	5				
D1692Y	17_41219625_C_A	41219625	0	5				
F1695L	17_41215958_A_C	41215958	0	2				
V1696L	17_41215957_C_A	41215957	0	2				
C1697R	17_41215954_A_G	41215954	0	5				
C1697F	17_41215953_C_A	41215953	0	5				
C1697Y	17_41215953_C_T	41215953	0	5				
R1699W	17_41215948_G_A	41215948	5	5				
R1699L	17_41215947_C_A	41215947	0	5				
R1699Q	17_41215947_C_T	41215947	5	5				
R1699P	17_41215947_C_G	41215947	0	2				
T1700A	17_41215945_T_C	41215945	0	5				
G1706A	17_41215926_C_G	41215926	1	1				
G1706E	17_41215926_C_T	41215926	5	5				
A1708E	17_41215920_G_T	41215920	5	5				
A1708V	17_41215920_G_A	41215920	0	4				
V1713A	17_41215905_A_G	41215905	0	5				
V1714G	17_41215902_A_C	41215902	0	5				
S1715C	17_41215900_T_A	41215900	0	5				
S1715N	17_41215899_C_T	41215899	5	5				
S1715R	17_41215898_G_C	41215898	5	5				
W1718S	17_41215390_C_G	41215390	0	5				
W1718C	17_41215389_C_A	41215389	0	5				
V1719E	17_41215387_A_T	41215387	0	5				
T1720A	17_41215385_T_C	41215385	1	1				
T1720I	17_41215384_G_A	41215384	0	1				
S1722F	17_41215378_G_A	41215378	0	5				
R1726G	17_41215367_T_C	41215367	0	3				
N1730S	17_41215354_T_C	41215354	2	1				
E1731D	17_41215350_C_A	41215350	0	1				
D1733Y	17_41209149_C_A	41209149	0	1				
D1733G	17_41209148_T_C	41209148	1	1				
F1734S	17_41209145_A_G	41209145	0	2				
V1736A	17_41209139_A_G	41209139	0	5				
V1736G	17_41209139_A_C	41209139	4	5				
R1737G	17_41209137_T_C	41209137	0	2				
R1737I	17_41209136_C_A	41209136	0	1				
R1737T	17_41209136_C_G	41209136	0	1				
R1737S	17_41209135_T_A	41209135	0	2				
G1738R	17_41209134_C_G	41209134	5	5				
G1738E	17_41209133_C_T	41209133	4	5				
G1738A	17_41209133_C_G	41209133	0	5				
G1738V	17_41209133_C_A	41209133	0	5				
D1739Y	17_41209131_C_A	41209131	0	5				
D1739H	17_41209131_C_G	41209131	0	5				
D1739N	17_41209131_C_T	41209131	0	2				
D1739G	17_41209130_T_C	41209130	0	5				
D1739V	17_41209130_T_A	41209130	4	5				
D1739A	17_41209130_T_G	41209130	0	5				
D1739E	17_41209129_A_C	41209129	0	5				
V1740L	17_41209128_C_A	41209128	0	1				
V1740M	17_41209128_C_T	41209128	0	1				
V1740A	17_41209127_A_G	41209127	0	1				
V1740E	17_41209127_A_T	41209127	0	2				
V1740G	17_41209127_A_C	41209127	0	1				
V1741G	17_41209124_A_C	41209124	0	5				
V1741A	17_41209124_A_G	41209124	0	5				
V1741D	17_41209124_A_T	41209124	0	2				
N1742Y	17_41209122_T_A	41209122	0	1				
N1742I	17_41209121_T_A	41209121	0	1				
N1742K	17_41209120_A_C	41209120	0	2				
G1743R	17_41209119_C_G	41209119	0	3				
G1743A	17_41209118_C_G	41209118	0	3				
G1743E	17_41209118_C_T	41209118	0	5				
G1743V	17_41209118_C_A	41209118	0	5				
N1745D	17_41209113_T_C	41209113	0	1				
N1745H	17_41209113_T_G	41209113	0	2				
N1745Y	17_41209113_T_A	41209113	0	1				
N1745I	17_41209112_T_A	41209112	0	1				
N1745S	17_41209112_T_C	41209112	0	2				
N1745T	17_41209112_T_G	41209112	0	1				
N1745K	17_41209111_G_C	41209111	0	1				
H1746N	17_41209110_G_T	41209110	0	3				
H1746Y	17_41209110_G_A	41209110	0	5				
H1746D	17_41209110_G_C	41209110	0	5				
H1746L	17_41209109_T_A	41209109	0	5				
H1746P	17_41209109_T_G	41209109	0	4				
H1746R	17_41209109_T_C	41209109	0	3				
H1746Q	17_41209108_G_C	41209108	0	2				
Q1747E	17_41209107_G_C	41209107	0	2				
Q1747K	17_41209107_G_T	41209107	0	2				
Q1747L	17_41209106_T_A	41209106	0	1				
Q1747P	17_41209106_T_G	41209106	0	5				
Q1747R	17_41209106_T_C	41209106	0	2				
Q1747H	17_41209105_T_A	41209105	0	1				
G1748C	17_41209104_C_A	41209104	0	5				
G1748R	17_41209104_C_G	41209104	0	5				
G1748S	17_41209104_C_T	41209104	0	1				
G1748D	17_41209103_C_T	41209103	4	5				
G1748A	17_41209103_C_G	41209103	0	1				
G1748V	17_41209103_C_A	41209103	0	5				
P1749A	17_41209101_G_C	41209101	0	1				
P1749S	17_41209101_G_A	41209101	0	4				
P1749T	17_41209101_G_T	41209101	0	3				
P1749R	17_41209100_G_C	41209100	0	5				
P1749L	17_41209100_G_A	41209100	0	5				
P1749Q	17_41209100_G_T	41209100	0	5				
R1751G	17_41209095_G_C	41209095	0	5				
R1751P	17_41209094_C_G	41209094	0	5				
R1751Q	17_41209094_C_T	41209094	1	1				
R1751L	17_41209094_C_A	41209094	0	2				
A1752P	17_41209092_C_G	41209092	0	5				
A1752T	17_41209092_C_T	41209092	0	5				
A1752V	17_41209091_G_A	41209091	0	5				
R1753G	17_41209089_T_C	41209089	0	5				
R1753T	17_41209088_C_G	41209088	0	5				
R1753I	17_41209088_C_A	41209088	0	5				
R1753K	17_41209088_C_T	41209088	0	5				
R1753S	17_41209087_T_A	41209087	0	5				
E1754V	17_41209085_T_A	41209085	0	1				
S1755C	17_41209082_G_C	41209082	0	1				
D1757H	17_41209077_C_G	41209077	0	1				
D1757N	17_41209077_C_T	41209077	0	3				
R1758I	17_41209073_C_A	41209073	0	1				
R1758S	17_41209072_T_A	41209072	0	1				
K1759M	17_41209070_T_A	41209070	0	1				
K1759R	17_41209070_T_C	41209070	0	2				
K1759N	17_41209069_C_A	41209069	0	2				
F1761S	17_41203130_A_G	41203130	0	5				
G1763V	17_41203124_C_A	41203124	0	5				
L1764P	17_41203121_A_G	41203121	5	5				
E1765K	17_41203119_C_T	41203119	0	1				
I1766S	17_41203115_A_C	41203115	5	5				
G1770V	17_41203103_C_A	41203103	5	5				
G1770E	17_41203103_C_T	41203103	0	2				
P1771L	17_41203100_G_A	41203100	0	2				
P1771R	17_41203100_G_C	41203100	2	1				
T1773I	17_41203094_G_A	41203094	0	2				
T1773S	17_41203094_G_C	41203094	0	2				
M1775K	17_41203088_A_T	41203088	5	5				
M1775R	17_41203088_A_C	41203088	5	5				
P1776H	17_41203085_G_T	41203085	2	1				
P1776L	17_41203085_G_A	41203085	0	1				
D1778N	17_41203080_C_T	41203080	0	2				
D1778Y	17_41203080_C_A	41203080	0	2				
D1778G	17_41201211_T_C	41201211	2	1				
L1780P	17_41201205_A_G	41201205	0	5				
M1783L	17_41201197_T_A	41201197	0	1				
M1783T	17_41201196_A_G	41201196	0	3				
M1783I	17_41201195_C_A	41201195	0	2				
Q1785H	17_41201189_C_A	41201189	0	2				
L1786P	17_41201187_A_G	41201187	0	5				
C1787S	17_41201184_C_G	41201184	0	1				
G1788D	17_41201181_C_T	41201181	0	3				
G1788V	17_41201181_C_A	41201181	5	5				
A1789S	17_41201179_C_A	41201179	0	2				
A1789T	17_41201179_C_T	41201179	0	5				
S1790Y	17_41201175_G_T	41201175	0	1				
V1791L	17_41201173_C_A	41201173	0	1				
E1794D	17_41201162_C_A	41201162	0	1				
G1803A	17_41199719_C_G	41199719	0	5				
V1804D	17_41199716_A_T	41199716	1	1				
V1804A	17_41199716_A_G	41199716	0	1				
H1805L	17_41199713_T_A	41199713	0	1				
H1805P	17_41199713_T_G	41199713	0	1				
V1808A	17_41199704_A_G	41199704	0	2				
V1809F	17_41199702_C_A	41199702	0	5				
V1809A	17_41199701_A_G	41199701	0	4				
V1810G	17_41199698_A_C	41199698	0	5				
Q1811R	17_41199695_T_C	41199695	0	5				
P1812A	17_41199693_G_C	41199693	0	2				
D1813H	17_41199690_C_G	41199690	0	2				
D1818G	17_41199674_T_C	41199674	0	1				
N1819Y	17_41199672_T_A	41199672	0	1				
N1819S	17_41199671_T_C	41199671	2	1				
A1823T	17_41199660_C_T	41199660	0	1				
Q1826H	17_41197809_C_A	41197809	0	2				
A1830T	17_41197799_C_T	41197799	0	1				
V1833M	17_41197790_C_T	41197790	0	5				
R1835Q	17_41197783_C_T	41197783	2	1				
R1835P	17_41197783_C_G	41197783	0	1				
E1836K	17_41197781_C_T	41197781	0	5				
W1837R	17_41197778_A_G	41197778	0	5				
W1837G	17_41197778_A_C	41197778	0	5				
W1837S	17_41197777_C_G	41197777	0	5				
W1837C	17_41197776_C_A	41197776	0	5				
V1838E	17_41197774_A_T	41197774	5	5				
S1841N	17_41197765_C_T	41197765	0	5				
S1841R	17_41197764_A_C	41197764	0	5				
A1843P	17_41197760_C_G	41197760	0	5				
L1844P	17_41197756_A_G	41197756	0	1				
L1844R	17_41197756_A_C	41197756	1	1				
D1851E	17_41197734_G_C	41197734	2	1				
Y1853C	17_41197729_T_C	41197729	0	5				
L1854P	17_41197726_A_G	41197726	0	5				
P1856S	17_41197721_G_A	41197721	0	1				
I1858L	17_41197715_T_G	41197715	1	1				
P1859R	17_41197711_G_C	41197711	1	1				
H1860P	17_41197708_T_G	41197708	0	1				
H1862L	17_41197702_T_A	41197702	0	1				